episode,step,action,reward,q_value,target,delta,loss,epsilon,finished,status
-1,0,"[cp(Row.YELLOW, 11), cp(Row.GREEN, 8)]",0.0,,,,,1.0,False,False
-1,1,"[cp(Row.YELLOW, 11), cp(Row.GREEN, 8)]",0.0,,,,,1.0,False,False
-1,2,"[cp(Row.BLUE, 7)]",0.0,,,,,1.0,False,False
-1,3,"[cp(Row.BLUE, 7)]",0.0,,,,,1.0,False,False
-1,4,"[cp(Row.RED, 10), cp(Row.RED, 11)]",0.0,,,,,1.0,False,False
-1,5,"[cp(Row.RED, 10), cp(Row.RED, 11)]",0.0,,,,,1.0,False,False
-1,6,[],0.0,,,,,1.0,False,False
-1,7,[],0.0,,,,,1.0,False,False
-1,8,"[cp(4, None)]",0.0,,,,,1.0,False,False
-1,9,"[cp(4, None)]",0.0,,,,,1.0,False,False
-1,10,[],0.0,,,,,1.0,False,False
-1,11,[],0.0,,,,,1.0,False,False
-1,12,"[cp(Row.BLUE, 5)]",0.0,,,,,1.0,False,False
-1,13,"[cp(Row.BLUE, 5)]",0.0,,,,,1.0,False,False
-1,14,[],0.0,,,,,1.0,False,False
-1,15,[],0.0,,,,,1.0,False,False
-1,16,"[cp(Row.GREEN, 6)]",0.0,,,,,1.0,False,False
-1,17,"[cp(Row.GREEN, 6)]",0.0,,,,,1.0,False,False
-1,18,[],0.0,,,,,1.0,False,False
-1,19,[],0.0,,,,,1.0,False,False
-1,20,"[cp(4, None)]",0.0,,,,,1.0,False,False
-1,21,"[cp(4, None)]",0.0,,,,,1.0,False,False
-1,22,"[cp(Row.GREEN, 3)]",0.0,,,,,1.0,False,False
-1,23,"[cp(Row.GREEN, 3)]",0.0,,,,,1.0,False,False
-1,24,"[cp(4, None)]",0.0,,,,,1.0,False,False
-1,25,"[cp(4, None)]",0.0,,,,,1.0,False,False
-1,26,[],0.0,,,,,1.0,False,False
-1,27,[],0.0,,,,,1.0,False,False
